{
    "jobType":[
		
        {"name":"Active Jobs","value":"active"},
        {"name":"All Published Jobs","value":"published"},
        {"name":"Draft Jobs","value":"draft_jobs"}
    ],
    
    "JobPosted":[
    {
            "jobId":"1",
            "JobTitle":"Web Development",
            "JobName":"Dot Net Developer",
            "Location":" Sahibzada Ajit Singh Nagar| Full time",
            "Total":"2"
    },
    {
        "jobId":"2",
        "JobTitle":"Web Development",
        "JobName":"Mern-stack",
        "Location":"Jalandhar punjab| Full time",
        "Total":"3"
    }
    ,
    {
        "jobId":"3",
        "JobTitle":"Web Development",
        "JobName":"Dot Net Developer",
        "Location":" Surat,Gujarat| Full time",
        "Total":"1"
    }
],
"candidate":[
    {
    "id":"1",
    "name":"Rahul",
    "company_name":"Rudra Innovative software",
    "company_id":"3",
    "JobTitle":"Web Development",
    "JobName":"Dot Net Developer",
    "rating":"1",
    "archived":true
},
{
    "id":"2",
    "name":"jhon",
    "company_name":"fintech Technology",
    "company_id":"1",
    "JobTitle":"Web Development",
    "JobName":"mern Developer",
    "rating":"2",
    "archived":false
},
{
    "id":"3",
    "name":"Juliya",
    "company_name":"Amazone",
    "company_id":"2",
    "JobTitle":"Mobile App  Development",
    "JobName":"react Native",
    "rating":"3",
    "archived":false
}
],
"owner":[

    {
        "owner_id":"1",
        "owner_name":"Priyanka"
    },
    {
        "owner_id":"2",
        "owner_name":"Gaurav arey"
    }
],

"stages":[{
    "name":"Sourcing",
    "type":[
        "Open"
    ]
},
{
    "name":"Screening",
    "type":[
        "Apptitude",
        "Assignment"
    ]
}

],
"department":[
    
                 "Business Development",
                 "Designing",
                 "Finance",
                 "Human Resources",
                 "Marketing",
                 "Quality Assurance",
                 "Sales",
                 "Web Development"
   
],
"Job":[
   {"name":"Contract","value":"0"},
   {"name":"Full Time","value":"1"},
   {"name":"Internship","value":"2"}
 
],
"Exeperience":[
    {"name":"Internship","value":"Internship","index":1},
    {"name":"Entry level","value":"Entry level","index":6},
    {"name":"Associate","value":"Associate","index":2},
    {"name":"Mid-Senior level","value":"Mid-Senior level","index":3},
    {"name":"Director/ Vice-President","value":"Director/ Vice-President","index":4},
    {"name":"Executive/ President","value":"Executive/ President","index":5}
],
"jobsubmit":[],
 "currency":[
    
        "INR(Indian Rupee)",
        "IQD(Iraqi Dinar)",
        "IRR(Iranian Rial)",
        "ISK(Icelandic Króna)"
    
 ],
 "language":[
     {"name":"CSS","value":"CSS"},
     {"name":"Javascript","value":"Javascript"},
     {"name":"Bootstrap","value":"Bootstrap"},
     {"name":"HTML","value":"HTML"},
     {"name":"Bulma","value":"Bulma"}
 ],
 "location":[
     {"id":"1","branch":"Officer Branch","city":"Ludhiana","country":"India"},
     {"id":"2","branch":"Officer Branch","city":"Mohali","country":"India"},
     {"id":"3","branch":"Default Head-Branch","city":"Ludhiana","country":"India"}
 ],
 "industary":[
     {"name":"Defence and Space","value":"Defence and Space"},
     {"name":"Computer Hardware","value":"Computer Hardware"},
     {"name":"Computer Software","value":"Computer Software"},
     {"name":"Computer Networking","value":"Computer Networking"},
     {"name":"Internet","value":"Internet"},
     {"name":"Semiconductors","value":"Semiconductors"}
 ],
 "companyLanguage":[
     {"name":"Chinese (Simplified)","value":"Chinese (Simplified)"},
     {"name":"Chinese (Traditional)","value":"Chinese (Traditional)"},
     {"name":"Dutch","value":"Dutch"},
     {"name":"English","value":"English"},
     {"name":"French","value":"French"},
     {"name":"German","value":"German"}
 ],
 "declineReason":[
     {"department_name":"Decided to continue with my current employer"},
     {"department_name":"Didn't feel I would fit the work environment & culture"}
    
 ],
 "approvalReject":[
    {"department_name" :"Bonus not approved"},
    {"department_name":"Compa-ratio not in range"}
 ],
 "employeeData":[
    {"id":"1","name":"Sonu","email":"sonu@gmail.com","address":"Sahibzada Ajit Singh Nagar","status":"Unverified"},
     {"id":"2","name":"Amit Kumar","email":"amit@rudrainnovatives.com","address":"Sahibzada Ajit Singh Nagar","status":"Active"},
     {"id":"3","name":"Guarav aery","email":"guarav@rudrainnovatives.com","address":"Sahibzada Ajit Singh Nagar","status":"Active"},
     {"id":"4","name":"Gurpreet Singh","email":"","address":"","status":"Unverified"},
     {"id":"5","name":"Rahul pal","email":"rahul@gmail.com","address":"Sahibzada Ajit Singh Nagar","status":"Unverified"}
 ],
"JobDataType":[
	{"name":"Contract"},
	{"name":"Full time"},
	{"name":"Internship"},
	{"name":"Part Time"},
	{"name":"Temporary"},
	{"name":"Seasonal"},
	{"name":"Volunteer"},
	{"name":"Fixed Term Contract"},
	{"name":"Secondment"}
],






 "citList":[
    {"name":"Kolhapur", "state":"Maharashtra"},
	{"name":"Port Blair", "state":"Andaman & Nicobar Islands"},
	{"name":"Adilabad", "state":"Andhra Pradesh"},
	{"name":"Adoni", "state":"Andhra Pradesh"},
	{"name":"Amadalavalasa", "state":"Andhra Pradesh"},
	{"name":"Amalapuram", "state":"Andhra Pradesh"},
	{"name":"Anakapalle", "state":"Andhra Pradesh"},
	{"name":"Anantapur", "state":"Andhra Pradesh"},
	{"name":"Badepalle", "state":"Andhra Pradesh"},
	{"name":"Banganapalle", "state":"Andhra Pradesh"},
	{"name":"Bapatla", "state":"Andhra Pradesh"},
	{"name":"Bellampalle", "state":"Andhra Pradesh"},
	{"name":"Bethamcherla", "state":"Andhra Pradesh"},
	{"name":"Bhadrachalam", "state":"Andhra Pradesh"},
	{"name":"Bhainsa", "state":"Andhra Pradesh"},
	{"name":"Bheemunipatnam", "state":"Andhra Pradesh"},
	{"name":"Bhimavaram", "state":"Andhra Pradesh"},
	{"name":"Bhongir", "state":"Andhra Pradesh"},
	{"name":"Bobbili", "state":"Andhra Pradesh"},
	{"name":"Bodhan", "state":"Andhra Pradesh"},
	{"name":"Chilakaluripet", "state":"Andhra Pradesh"},
	{"name":"Chirala", "state":"Andhra Pradesh"},
	{"name":"Chittoor", "state":"Andhra Pradesh"},
	{"name":"Cuddapah", "state":"Andhra Pradesh"},
	{"name":"Devarakonda", "state":"Andhra Pradesh"},
	{"name":"Dharmavaram", "state":"Andhra Pradesh"},
	{"name":"Eluru", "state":"Andhra Pradesh"},
	{"name":"Farooqnagar", "state":"Andhra Pradesh"},
	{"name":"Gadwal", "state":"Andhra Pradesh"},
	{"name":"Gooty", "state":"Andhra Pradesh"},
	{"name":"Gudivada", "state":"Andhra Pradesh"},
	{"name":"Gudur", "state":"Andhra Pradesh"},
	{"name":"Guntakal", "state":"Andhra Pradesh"},
	{"name":"Guntur", "state":"Andhra Pradesh"},
	{"name":"Hanuman Junction", "state":"Andhra Pradesh"},
	{"name":"Hindupur", "state":"Andhra Pradesh"},
	{"name":"Hyderabad", "state":"Andhra Pradesh"},
	{"name":"Ichchapuram", "state":"Andhra Pradesh"},
	{"name":"Jaggaiahpet", "state":"Andhra Pradesh"},
	{"name":"Jagtial", "state":"Andhra Pradesh"},
	{"name":"Jammalamadugu", "state":"Andhra Pradesh"},
	{"name":"Jangaon", "state":"Andhra Pradesh"},
	{"name":"Kadapa", "state":"Andhra Pradesh"},
	{"name":"Kadiri", "state":"Andhra Pradesh"},
	{"name":"Kagaznagar", "state":"Andhra Pradesh"},
	{"name":"Kakinada", "state":"Andhra Pradesh"},
	{"name":"Kalyandurg", "state":"Andhra Pradesh"},
	{"name":"Kamareddy", "state":"Andhra Pradesh"},
	{"name":"Kandukur", "state":"Andhra Pradesh"},
	{"name":"Karimnagar", "state":"Andhra Pradesh"},
	{"name":"Kavali", "state":"Andhra Pradesh"},
	{"name":"Khammam", "state":"Andhra Pradesh"},
	{"name":"Koratla", "state":"Andhra Pradesh"},
	{"name":"Kothagudem", "state":"Andhra Pradesh"},
	{"name":"Kothapeta", "state":"Andhra Pradesh"},
	{"name":"Kovvur", "state":"Andhra Pradesh"},
	{"name":"Kurnool", "state":"Andhra Pradesh"},
	{"name":"Kyathampalle", "state":"Andhra Pradesh"},
	{"name":"Macherla", "state":"Andhra Pradesh"},
	{"name":"Machilipatnam", "state":"Andhra Pradesh"},
	{"name":"Madanapalle", "state":"Andhra Pradesh"},
	{"name":"Mahbubnagar", "state":"Andhra Pradesh"},
	{"name":"Mancherial", "state":"Andhra Pradesh"},
	{"name":"Mandamarri", "state":"Andhra Pradesh"},
	{"name":"Mandapeta", "state":"Andhra Pradesh"},
	{"name":"Manuguru", "state":"Andhra Pradesh"},
	{"name":"Markapur", "state":"Andhra Pradesh"},
	{"name":"Medak", "state":"Andhra Pradesh"},
	{"name":"Miryalaguda", "state":"Andhra Pradesh"},
	{"name":"Mogalthur", "state":"Andhra Pradesh"},
	{"name":"Nagari", "state":"Andhra Pradesh"},
	{"name":"Nagarkurnool", "state":"Andhra Pradesh"},
	{"name":"Nandyal", "state":"Andhra Pradesh"},
	{"name":"Narasapur", "state":"Andhra Pradesh"},
	{"name":"Narasaraopet", "state":"Andhra Pradesh"},
	{"name":"Narayanpet", "state":"Andhra Pradesh"},
	{"name":"Narsipatnam", "state":"Andhra Pradesh"},
	{"name":"Nellore", "state":"Andhra Pradesh"},
	{"name":"Nidadavole", "state":"Andhra Pradesh"},
	{"name":"Nirmal", "state":"Andhra Pradesh"},
	{"name":"Nizamabad", "state":"Andhra Pradesh"},
	{"name":"Nuzvid", "state":"Andhra Pradesh"},
	{"name":"Ongole", "state":"Andhra Pradesh"},
	{"name":"Palacole", "state":"Andhra Pradesh"},
	{"name":"Palasa Kasibugga", "state":"Andhra Pradesh"},
	{"name":"Palwancha", "state":"Andhra Pradesh"},
	{"name":"Parvathipuram", "state":"Andhra Pradesh"},
	{"name":"Pedana", "state":"Andhra Pradesh"},
	{"name":"Peddapuram", "state":"Andhra Pradesh"},
	{"name":"Pithapuram", "state":"Andhra Pradesh"},
	{"name":"Pondur", "state":"Andhra pradesh"},
	{"name":"Ponnur", "state":"Andhra Pradesh"},
	{"name":"Proddatur", "state":"Andhra Pradesh"},
	{"name":"Punganur", "state":"Andhra Pradesh"},
	{"name":"Puttur", "state":"Andhra Pradesh"},
	{"name":"Rajahmundry", "state":"Andhra Pradesh"},
	{"name":"Rajam", "state":"Andhra Pradesh"},
	{"name":"Ramachandrapuram", "state":"Andhra Pradesh"},
	{"name":"Ramagundam", "state":"Andhra Pradesh"},
	{"name":"Rayachoti", "state":"Andhra Pradesh"},
	{"name":"Rayadurg", "state":"Andhra Pradesh"},
	{"name":"Renigunta", "state":"Andhra Pradesh"},
	{"name":"Repalle", "state":"Andhra Pradesh"},
	{"name":"Sadasivpet", "state":"Andhra Pradesh"},
	{"name":"Salur", "state":"Andhra Pradesh"},
	{"name":"Samalkot", "state":"Andhra Pradesh"},
	{"name":"Sangareddy", "state":"Andhra Pradesh"},
	{"name":"Sattenapalle", "state":"Andhra Pradesh"},
	{"name":"Siddipet", "state":"Andhra Pradesh"},
	{"name":"Singapur", "state":"Andhra Pradesh"},
	{"name":"Sircilla", "state":"Andhra Pradesh"},
	{"name":"Srikakulam", "state":"Andhra Pradesh"},
	{"name":"Srikalahasti", "state":"Andhra Pradesh"},
	{"name":"Suryapet", "state":"Andhra Pradesh"},
	{"name":"Tadepalligudem", "state":"Andhra Pradesh"},
	{"name":"Tadpatri", "state":"Andhra Pradesh"},
	{"name":"Tandur", "state":"Andhra Pradesh"},
	{"name":"Tanuku", "state":"Andhra Pradesh"},
	{"name":"Tenali", "state":"Andhra Pradesh"},
	{"name":"Tirupati", "state":"Andhra Pradesh"},
	{"name":"Tuni", "state":"Andhra Pradesh"},
	{"name":"Uravakonda", "state":"Andhra Pradesh"},
	{"name":"Venkatagiri", "state":"Andhra Pradesh"},
	{"name":"Vicarabad", "state":"Andhra Pradesh"},
	{"name":"Vijayawada", "state":"Andhra Pradesh"},
	{"name":"Vinukonda", "state":"Andhra Pradesh"},
	{"name":"Visakhapatnam", "state":"Andhra Pradesh"},
	{"name":"Vizianagaram", "state":"Andhra Pradesh"},
	{"name":"Wanaparthy", "state":"Andhra Pradesh"},
	{"name":"Warangal", "state":"Andhra Pradesh"},
	{"name":"Yellandu", "state":"Andhra Pradesh"},
	{"name":"Yemmiganur", "state":"Andhra Pradesh"},
	{"name":"Yerraguntla", "state":"Andhra Pradesh"},
	{"name":"Zahirabad", "state":"Andhra Pradesh"},
	{"name":"Rajampet", "state":"Andhra Pradesh"},
	{"name":"Along", "state":"Arunachal Pradesh"},
	{"name":"Bomdila", "state":"Arunachal Pradesh"},
	{"name":"Itanagar", "state":"Arunachal Pradesh"},
	{"name":"Naharlagun", "state":"Arunachal Pradesh"},
	{"name":"Pasighat", "state":"Arunachal Pradesh"},
	{"name":"Abhayapuri", "state":"Assam"},
	{"name":"Amguri", "state":"Assam"},
	{"name":"Anandnagaar", "state":"Assam"},
	{"name":"Barpeta", "state":"Assam"},
	{"name":"Barpeta Road", "state":"Assam"},
	{"name":"Bilasipara", "state":"Assam"},
	{"name":"Bongaigaon", "state":"Assam"},
	{"name":"Dhekiajuli", "state":"Assam"},
	{"name":"Dhubri", "state":"Assam"},
	{"name":"Dibrugarh", "state":"Assam"},
	{"name":"Digboi", "state":"Assam"},
	{"name":"Diphu", "state":"Assam"},
	{"name":"Dispur", "state":"Assam"},
	{"name":"Gauripur", "state":"Assam"},
	{"name":"Goalpara", "state":"Assam"},
	{"name":"Golaghat", "state":"Assam"},
	{"name":"Guwahati", "state":"Assam"},
	{"name":"Haflong", "state":"Assam"},
	{"name":"Hailakandi", "state":"Assam"},
	{"name":"Hojai", "state":"Assam"},
	{"name":"Jorhat", "state":"Assam"},
	{"name":"Karimganj", "state":"Assam"},
	{"name":"Kokrajhar", "state":"Assam"},
	{"name":"Lanka", "state":"Assam"},
	{"name":"Lumding", "state":"Assam"},
	{"name":"Mangaldoi", "state":"Assam"},
	{"name":"Mankachar", "state":"Assam"},
	{"name":"Margherita", "state":"Assam"},
	{"name":"Mariani", "state":"Assam"},
	{"name":"Marigaon", "state":"Assam"},
	{"name":"Nagaon", "state":"Assam"},
	{"name":"Nalbari", "state":"Assam"},
	{"name":"North Lakhimpur", "state":"Assam"},
	{"name":"Rangia", "state":"Assam"},
	{"name":"Sibsagar", "state":"Assam"},
	{"name":"Silapathar", "state":"Assam"},
	{"name":"Silchar", "state":"Assam"},
	{"name":"Tezpur", "state":"Assam"},
	{"name":"Tinsukia", "state":"Assam"},
	{"name":"Amarpur", "state":"Bihar"},
	{"name":"Araria", "state":"Bihar"},
	{"name":"Areraj", "state":"Bihar"},
	{"name":"Arrah", "state":"Bihar"},
	{"name":"Asarganj", "state":"Bihar"},
	{"name":"Aurangabad", "state":"Bihar"},
	{"name":"Bagaha", "state":"Bihar"},
	{"name":"Bahadurganj", "state":"Bihar"},
	{"name":"Bairgania", "state":"Bihar"},
	{"name":"Bakhtiarpur", "state":"Bihar"},
	{"name":"Banka", "state":"Bihar"},
	{"name":"Banmankhi Bazar", "state":"Bihar"},
	{"name":"Barahiya", "state":"Bihar"},
	{"name":"Barauli", "state":"Bihar"},
	{"name":"Barbigha", "state":"Bihar"},
	{"name":"Barh", "state":"Bihar"},
	{"name":"Begusarai", "state":"Bihar"},
	{"name":"Behea", "state":"Bihar"},
	{"name":"Bettiah", "state":"Bihar"},
	{"name":"Bhabua", "state":"Bihar"},
	{"name":"Bhagalpur", "state":"Bihar"},
	{"name":"Bihar Sharif", "state":"Bihar"},
	{"name":"Bikramganj", "state":"Bihar"},
	{"name":"Bodh Gaya", "state":"Bihar"},
	{"name":"Buxar", "state":"Bihar"},
	{"name":"Chandan Bara", "state":"Bihar"},
	{"name":"Chanpatia", "state":"Bihar"},
	{"name":"Chhapra", "state":"Bihar"},
	{"name":"Colgong", "state":"Bihar"},
	{"name":"Dalsinghsarai", "state":"Bihar"},
	{"name":"Darbhanga", "state":"Bihar"},
	{"name":"Daudnagar", "state":"Bihar"},
	{"name":"Dehri-on-Sone", "state":"Bihar"},
	{"name":"Dhaka", "state":"Bihar"},
	{"name":"Dighwara", "state":"Bihar"},
	{"name":"Dumraon", "state":"Bihar"},
	{"name":"Fatwah", "state":"Bihar"},
	{"name":"Forbesganj", "state":"Bihar"},
	{"name":"Gaya", "state":"Bihar"},
	{"name":"Gogri Jamalpur", "state":"Bihar"},
	{"name":"Gopalganj", "state":"Bihar"},
	{"name":"Hajipur", "state":"Bihar"},
	{"name":"Hilsa", "state":"Bihar"},
	{"name":"Hisua", "state":"Bihar"},
	{"name":"Islampur", "state":"Bihar"},
	{"name":"Jagdispur", "state":"Bihar"},
	{"name":"Jamalpur", "state":"Bihar"},
	{"name":"Jamui", "state":"Bihar"},
	{"name":"Jehanabad", "state":"Bihar"},
	{"name":"Jhajha", "state":"Bihar"},
	{"name":"Jhanjharpur", "state":"Bihar"},
	{"name":"Jogabani", "state":"Bihar"},
	{"name":"Kanti", "state":"Bihar"},
	{"name":"Katihar", "state":"Bihar"},
	{"name":"Khagaria", "state":"Bihar"},
	{"name":"Kharagpur", "state":"Bihar"},
	{"name":"Kishanganj", "state":"Bihar"},
	{"name":"Lakhisarai", "state":"Bihar"},
	{"name":"Lalganj", "state":"Bihar"},
	{"name":"Madhepura", "state":"Bihar"},
	{"name":"Madhubani", "state":"Bihar"},
	{"name":"Maharajganj", "state":"Bihar"},
	{"name":"Mahnar Bazar", "state":"Bihar"},
	{"name":"Makhdumpur", "state":"Bihar"},
	{"name":"Maner", "state":"Bihar"},
	{"name":"Manihari", "state":"Bihar"},
	{"name":"Marhaura", "state":"Bihar"},
	{"name":"Masaurhi", "state":"Bihar"},
	{"name":"Mirganj", "state":"Bihar"},
	{"name":"Mokameh", "state":"Bihar"},
	{"name":"Motihari", "state":"Bihar"},
	{"name":"Motipur", "state":"Bihar"},
	{"name":"Munger", "state":"Bihar"},
	{"name":"Murliganj", "state":"Bihar"},
	{"name":"Muzaffarpur", "state":"Bihar"},
	{"name":"Narkatiaganj", "state":"Bihar"},
	{"name":"Naugachhia", "state":"Bihar"},
	{"name":"Nawada", "state":"Bihar"},
	{"name":"Nokha", "state":"Bihar"},
	{"name":"Patna", "state":"Bihar"},
	{"name":"Piro", "state":"Bihar"},
	{"name":"Purnia", "state":"Bihar"},
	{"name":"Rafiganj", "state":"Bihar"},
	{"name":"Rajgir", "state":"Bihar"},
	{"name":"Ramnagar", "state":"Bihar"},
	{"name":"Raxaul Bazar", "state":"Bihar"},
	{"name":"Revelganj", "state":"Bihar"},
	{"name":"Rosera", "state":"Bihar"},
	{"name":"Saharsa", "state":"Bihar"},
	{"name":"Samastipur", "state":"Bihar"},
	{"name":"Sasaram", "state":"Bihar"},
	{"name":"Sheikhpura", "state":"Bihar"},
	{"name":"Sheohar", "state":"Bihar"},
	{"name":"Sherghati", "state":"Bihar"},
	{"name":"Silao", "state":"Bihar"},
	{"name":"Sitamarhi", "state":"Bihar"},
	{"name":"Siwan", "state":"Bihar"},
	{"name":"Sonepur", "state":"Bihar"},
	{"name":"Sugauli", "state":"Bihar"},
	{"name":"Sultanganj", "state":"Bihar"},
	{"name":"Supaul", "state":"Bihar"},
	{"name":"Warisaliganj", "state":"Bihar"},
	{"name":"Ahiwara", "state":"Chhattisgarh"},
	{"name":"Akaltara", "state":"Chhattisgarh"},
	{"name":"Ambagarh Chowki", "state":"Chhattisgarh"},
	{"name":"Ambikapur", "state":"Chhattisgarh"},
	{"name":"Arang", "state":"Chhattisgarh"},
	{"name":"Bade Bacheli", "state":"Chhattisgarh"},
	{"name":"Balod", "state":"Chhattisgarh"},
	{"name":"Baloda Bazar", "state":"Chhattisgarh"},
	{"name":"Bemetra", "state":"Chhattisgarh"},
	{"name":"Bhatapara", "state":"Chhattisgarh"},
	{"name":"Bilaspur", "state":"Chhattisgarh"},
	{"name":"Birgaon", "state":"Chhattisgarh"},
	{"name":"Champa", "state":"Chhattisgarh"},
	{"name":"Chirmiri", "state":"Chhattisgarh"},
	{"name":"Dalli-Rajhara", "state":"Chhattisgarh"},
	{"name":"Dhamtari", "state":"Chhattisgarh"},
	{"name":"Dipka", "state":"Chhattisgarh"},
	{"name":"Dongargarh", "state":"Chhattisgarh"},
	{"name":"Durg-Bhilai Nagar", "state":"Chhattisgarh"},
	{"name":"Gobranawapara", "state":"Chhattisgarh"},
	{"name":"Jagdalpur", "state":"Chhattisgarh"},
	{"name":"Janjgir", "state":"Chhattisgarh"},
	{"name":"Jashpurnagar", "state":"Chhattisgarh"},
	{"name":"Kanker", "state":"Chhattisgarh"},
	{"name":"Kawardha", "state":"Chhattisgarh"},
	{"name":"Kondagaon", "state":"Chhattisgarh"},
	{"name":"Korba", "state":"Chhattisgarh"},
	{"name":"Mahasamund", "state":"Chhattisgarh"},
	{"name":"Mahendragarh", "state":"Chhattisgarh"},
	{"name":"Mungeli", "state":"Chhattisgarh"},
	{"name":"Naila Janjgir", "state":"Chhattisgarh"},
	{"name":"Raigarh", "state":"Chhattisgarh"},
	{"name":"Raipur", "state":"Chhattisgarh"},
	{"name":"Rajnandgaon", "state":"Chhattisgarh"},
	{"name":"Sakti", "state":"Chhattisgarh"},
	{"name":"Tilda Newra", "state":"Chhattisgarh"},
	{"name":"Amli", "state":"Dadra & Nagar Haveli"},
	{"name":"Silvassa", "state":"Dadra & Nagar Haveli"},
	{"name":"Daman and Diu", "state":"Daman & Diu"},
	{"name":"Daman and Diu", "state":"Daman & Diu"},
	{"name":"Asola", "state":"Delhi"},
	{"name":"Delhi", "state":"Delhi"},
	{"name":"Aldona", "state":"Goa"},
	{"name":"Curchorem Cacora", "state":"Goa"},
	{"name":"Madgaon", "state":"Goa"},
	{"name":"Mapusa", "state":"Goa"},
	{"name":"Margao", "state":"Goa"},
	{"name":"Marmagao", "state":"Goa"},
	{"name":"Panaji", "state":"Goa"},
	{"name":"Ahmedabad", "state":"Gujarat"},
	{"name":"Amreli", "state":"Gujarat"},
	{"name":"Anand", "state":"Gujarat"},
	{"name":"Ankleshwar", "state":"Gujarat"},
	{"name":"Bharuch", "state":"Gujarat"},
	{"name":"Bhavnagar", "state":"Gujarat"},
	{"name":"Bhuj", "state":"Gujarat"},
	{"name":"Cambay", "state":"Gujarat"},
	{"name":"Dahod", "state":"Gujarat"},
	{"name":"Deesa", "state":"Gujarat"},
	{"name":"Dharampur", "state":" India"},
	{"name":"Dholka", "state":"Gujarat"},
	{"name":"Gandhinagar", "state":"Gujarat"},
	{"name":"Godhra", "state":"Gujarat"},
	{"name":"Himatnagar", "state":"Gujarat"},
	{"name":"Idar", "state":"Gujarat"},
	{"name":"Jamnagar", "state":"Gujarat"},
	{"name":"Junagadh", "state":"Gujarat"},
	{"name":"Kadi", "state":"Gujarat"},
	{"name":"Kalavad", "state":"Gujarat"},
	{"name":"Kalol", "state":"Gujarat"},
	{"name":"Kapadvanj", "state":"Gujarat"},
	{"name":"Karjan", "state":"Gujarat"},
	{"name":"Keshod", "state":"Gujarat"},
	{"name":"Khambhalia", "state":"Gujarat"},
	{"name":"Khambhat", "state":"Gujarat"},
	{"name":"Kheda", "state":"Gujarat"},
	{"name":"Khedbrahma", "state":"Gujarat"},
	{"name":"Kheralu", "state":"Gujarat"},
	{"name":"Kodinar", "state":"Gujarat"},
	{"name":"Lathi", "state":"Gujarat"},
	{"name":"Limbdi", "state":"Gujarat"},
	{"name":"Lunawada", "state":"Gujarat"},
	{"name":"Mahesana", "state":"Gujarat"},
	{"name":"Mahuva", "state":"Gujarat"},
	{"name":"Manavadar", "state":"Gujarat"},
	{"name":"Mandvi", "state":"Gujarat"},
	{"name":"Mangrol", "state":"Gujarat"},
	{"name":"Mansa", "state":"Gujarat"},
	{"name":"Mehmedabad", "state":"Gujarat"},
	{"name":"Modasa", "state":"Gujarat"},
	{"name":"Morvi", "state":"Gujarat"},
	{"name":"Nadiad", "state":"Gujarat"},
	{"name":"Navsari", "state":"Gujarat"},
	{"name":"Padra", "state":"Gujarat"},
	{"name":"Palanpur", "state":"Gujarat"},
	{"name":"Palitana", "state":"Gujarat"},
	{"name":"Pardi", "state":"Gujarat"},
	{"name":"Patan", "state":"Gujarat"},
	{"name":"Petlad", "state":"Gujarat"},
	{"name":"Porbandar", "state":"Gujarat"},
	{"name":"Radhanpur", "state":"Gujarat"},
	{"name":"Rajkot", "state":"Gujarat"},
	{"name":"Rajpipla", "state":"Gujarat"},
	{"name":"Rajula", "state":"Gujarat"},
	{"name":"Ranavav", "state":"Gujarat"},
	{"name":"Rapar", "state":"Gujarat"},
	{"name":"Salaya", "state":"Gujarat"},
	{"name":"Sanand", "state":"Gujarat"},
	{"name":"Savarkundla", "state":"Gujarat"},
	{"name":"Sidhpur", "state":"Gujarat"},
	{"name":"Sihor", "state":"Gujarat"},
	{"name":"Songadh", "state":"Gujarat"},
	{"name":"Surat", "state":"Gujarat"},
	{"name":"Talaja", "state":"Gujarat"},
	{"name":"Thangadh", "state":"Gujarat"},
	{"name":"Tharad", "state":"Gujarat"},
	{"name":"Umbergaon", "state":"Gujarat"},
	{"name":"Umreth", "state":"Gujarat"},
	{"name":"Una", "state":"Gujarat"},
	{"name":"Unjha", "state":"Gujarat"},
	{"name":"Upleta", "state":"Gujarat"},
	{"name":"Vadnagar", "state":"Gujarat"},
	{"name":"Vadodara", "state":"Gujarat"},
	{"name":"Valsad", "state":"Gujarat"},
	{"name":"Vapi", "state":"Gujarat"},
	{"name":"Vapi", "state":"Gujarat"},
	{"name":"Veraval", "state":"Gujarat"},
	{"name":"Vijapur", "state":"Gujarat"},
	{"name":"Viramgam", "state":"Gujarat"},
	{"name":"Visnagar", "state":"Gujarat"},
	{"name":"Vyara", "state":"Gujarat"},
	{"name":"Wadhwan", "state":"Gujarat"},
	{"name":"Wankaner", "state":"Gujarat"},
	{"name":"Adalaj", "state":"Gujrat"},
	{"name":"Adityana", "state":"Gujrat"},
	{"name":"Alang", "state":"Gujrat"},
	{"name":"Ambaji", "state":"Gujrat"},
	{"name":"Ambaliyasan", "state":"Gujrat"},
	{"name":"Andada", "state":"Gujrat"},
	{"name":"Anjar", "state":"Gujrat"},
	{"name":"Anklav", "state":"Gujrat"},
	{"name":"Antaliya", "state":"Gujrat"},
	{"name":"Arambhada", "state":"Gujrat"},
	{"name":"Atul", "state":"Gujrat"},
	{"name":"Ballabhgarh", "state":"Hariyana"},
	{"name":"Ambala", "state":"Haryana"},
	{"name":"Ambala", "state":"Haryana"},
	{"name":"Asankhurd", "state":"Haryana"},
	{"name":"Assandh", "state":"Haryana"},
	{"name":"Ateli", "state":"Haryana"},
	{"name":"Babiyal", "state":"Haryana"},
	{"name":"Bahadurgarh", "state":"Haryana"},
	{"name":"Barwala", "state":"Haryana"},
	{"name":"Bhiwani", "state":"Haryana"},
	{"name":"Charkhi Dadri", "state":"Haryana"},
	{"name":"Cheeka", "state":"Haryana"},
	{"name":"Ellenabad 2", "state":"Haryana"},
	{"name":"Faridabad", "state":"Haryana"},
	{"name":"Fatehabad", "state":"Haryana"},
	{"name":"Ganaur", "state":"Haryana"},
	{"name":"Gharaunda", "state":"Haryana"},
	{"name":"Gohana", "state":"Haryana"},
	{"name":"Gurgaon", "state":"Haryana"},
	{"name":"Haibat(Yamuna Nagar)", "state":"Haryana"},
	{"name":"Hansi", "state":"Haryana"},
	{"name":"Hisar", "state":"Haryana"},
	{"name":"Hodal", "state":"Haryana"},
	{"name":"Jhajjar", "state":"Haryana"},
	{"name":"Jind", "state":"Haryana"},
	{"name":"Kaithal", "state":"Haryana"},
	{"name":"Kalan Wali", "state":"Haryana"},
	{"name":"Kalka", "state":"Haryana"},
	{"name":"Karnal", "state":"Haryana"},
	{"name":"Ladwa", "state":"Haryana"},
	{"name":"Mahendragarh", "state":"Haryana"},
	{"name":"Mandi Dabwali", "state":"Haryana"},
	{"name":"Narnaul", "state":"Haryana"},
	{"name":"Narwana", "state":"Haryana"},
	{"name":"Palwal", "state":"Haryana"},
	{"name":"Panchkula", "state":"Haryana"},
	{"name":"Panipat", "state":"Haryana"},
	{"name":"Pehowa", "state":"Haryana"},
	{"name":"Pinjore", "state":"Haryana"},
	{"name":"Rania", "state":"Haryana"},
	{"name":"Ratia", "state":"Haryana"},
	{"name":"Rewari", "state":"Haryana"},
	{"name":"Rohtak", "state":"Haryana"},
	{"name":"Safidon", "state":"Haryana"},
	{"name":"Samalkha", "state":"Haryana"},
	{"name":"Shahbad", "state":"Haryana"},
	{"name":"Sirsa", "state":"Haryana"},
	{"name":"Sohna", "state":"Haryana"},
	{"name":"Sonipat", "state":"Haryana"},
	{"name":"Taraori", "state":"Haryana"},
	{"name":"Thanesar", "state":"Haryana"},
	{"name":"Tohana", "state":"Haryana"},
	{"name":"Yamunanagar", "state":"Haryana"},
	{"name":"Arki", "state":"Himachal Pradesh"},
	{"name":"Baddi", "state":"Himachal Pradesh"},
	{"name":"Bilaspur", "state":"Himachal Pradesh"},
	{"name":"Chamba", "state":"Himachal Pradesh"},
	{"name":"Dalhousie", "state":"Himachal Pradesh"},
	{"name":"Dharamsala", "state":"Himachal Pradesh"},
	{"name":"Hamirpur", "state":"Himachal Pradesh"},
	{"name":"Mandi", "state":"Himachal Pradesh"},
	{"name":"Nahan", "state":"Himachal Pradesh"},
	{"name":"Shimla", "state":"Himachal Pradesh"},
	{"name":"Solan", "state":"Himachal Pradesh"},
	{"name":"Sundarnagar", "state":"Himachal Pradesh"},
	{"name":"Jammu", "state":"Jammu & Kashmir"},
	{"name":"Achabbal", "state":"Jammu & Kashmir"},
	{"name":"Akhnoor", "state":"Jammu & Kashmir"},
	{"name":"Anantnag", "state":"Jammu & Kashmir"},
	{"name":"Arnia", "state":"Jammu & Kashmir"},
	{"name":"Awantipora", "state":"Jammu & Kashmir"},
	{"name":"Bandipore", "state":"Jammu & Kashmir"},
	{"name":"Baramula", "state":"Jammu & Kashmir"},
	{"name":"Kathua", "state":"Jammu & Kashmir"},
	{"name":"Leh", "state":"Jammu & Kashmir"},
	{"name":"Punch", "state":"Jammu & Kashmir"},
	{"name":"Rajauri", "state":"Jammu & Kashmir"},
	{"name":"Sopore", "state":"Jammu & Kashmir"},
	{"name":"Srinagar", "state":"Jammu & Kashmir"},
	{"name":"Udhampur", "state":"Jammu & Kashmir"},
	{"name":"Amlabad", "state":"Jharkhand"},
	{"name":"Ara", "state":"Jharkhand"},
	{"name":"Barughutu", "state":"Jharkhand"},
	{"name":"Bokaro Steel name", "state":"Jharkhand"},
	{"name":"Chaibasa", "state":"Jharkhand"},
	{"name":"Chakradharpur", "state":"Jharkhand"},
	{"name":"Chandrapura", "state":"Jharkhand"},
	{"name":"Chatra", "state":"Jharkhand"},
	{"name":"Chirkunda", "state":"Jharkhand"},
	{"name":"Churi", "state":"Jharkhand"},
	{"name":"Daltonganj", "state":"Jharkhand"},
	{"name":"Deoghar", "state":"Jharkhand"},
	{"name":"Dhanbad", "state":"Jharkhand"},
	{"name":"Dumka", "state":"Jharkhand"},
	{"name":"Garhwa", "state":"Jharkhand"},
	{"name":"Ghatshila", "state":"Jharkhand"},
	{"name":"Giridih", "state":"Jharkhand"},
	{"name":"Godda", "state":"Jharkhand"},
	{"name":"Gomoh", "state":"Jharkhand"},
	{"name":"Gumia", "state":"Jharkhand"},
	{"name":"Gumla", "state":"Jharkhand"},
	{"name":"Hazaribag", "state":"Jharkhand"},
	{"name":"Hussainabad", "state":"Jharkhand"},
	{"name":"Jamshedpur", "state":"Jharkhand"},
	{"name":"Jamtara", "state":"Jharkhand"},
	{"name":"Jhumri Tilaiya", "state":"Jharkhand"},
	{"name":"Khunti", "state":"Jharkhand"},
	{"name":"Lohardaga", "state":"Jharkhand"},
	{"name":"Madhupur", "state":"Jharkhand"},
	{"name":"Mihijam", "state":"Jharkhand"},
	{"name":"Musabani", "state":"Jharkhand"},
	{"name":"Pakaur", "state":"Jharkhand"},
	{"name":"Patratu", "state":"Jharkhand"},
	{"name":"Phusro", "state":"Jharkhand"},
	{"name":"Ramngarh", "state":"Jharkhand"},
	{"name":"Ranchi", "state":"Jharkhand"},
	{"name":"Sahibganj", "state":"Jharkhand"},
	{"name":"Saunda", "state":"Jharkhand"},
	{"name":"Simdega", "state":"Jharkhand"},
	{"name":"Tenu Dam-cum- Kathhara", "state":"Jharkhand"},
	{"name":"Arasikere", "state":"Karnataka"},
	{"name":"Bangalore", "state":"Karnataka"},
	{"name":"Belgaum", "state":"Karnataka"},
	{"name":"Bellary", "state":"Karnataka"},
	{"name":"Chamrajnagar", "state":"Karnataka"},
	{"name":"Chikkaballapur", "state":"Karnataka"},
	{"name":"Chintamani", "state":"Karnataka"},
	{"name":"Chitradurga", "state":"Karnataka"},
	{"name":"Gulbarga", "state":"Karnataka"},
	{"name":"Gundlupet", "state":"Karnataka"},
	{"name":"Hassan", "state":"Karnataka"},
	{"name":"Hospet", "state":"Karnataka"},
	{"name":"Hubli", "state":"Karnataka"},
	{"name":"Karkala", "state":"Karnataka"},
	{"name":"Karwar", "state":"Karnataka"},
	{"name":"Kolar", "state":"Karnataka"},
	{"name":"Kota", "state":"Karnataka"},
	{"name":"Lakshmeshwar", "state":"Karnataka"},
	{"name":"Lingsugur", "state":"Karnataka"},
	{"name":"Maddur", "state":"Karnataka"},
	{"name":"Madhugiri", "state":"Karnataka"},
	{"name":"Madikeri", "state":"Karnataka"},
	{"name":"Magadi", "state":"Karnataka"},
	{"name":"Mahalingpur", "state":"Karnataka"},
	{"name":"Malavalli", "state":"Karnataka"},
	{"name":"Malur", "state":"Karnataka"},
	{"name":"Mandya", "state":"Karnataka"},
	{"name":"Mangalore", "state":"Karnataka"},
	{"name":"Manvi", "state":"Karnataka"},
	{"name":"Mudalgi", "state":"Karnataka"},
	{"name":"Mudbidri", "state":"Karnataka"},
	{"name":"Muddebihal", "state":"Karnataka"},
	{"name":"Mudhol", "state":"Karnataka"},
	{"name":"Mulbagal", "state":"Karnataka"},
	{"name":"Mundargi", "state":"Karnataka"},
	{"name":"Mysore", "state":"Karnataka"},
	{"name":"Nanjangud", "state":"Karnataka"},
	{"name":"Pavagada", "state":"Karnataka"},
	{"name":"Puttur", "state":"Karnataka"},
	{"name":"Rabkavi Banhatti", "state":"Karnataka"},
	{"name":"Raichur", "state":"Karnataka"},
	{"name":"Ramanagaram", "state":"Karnataka"},
	{"name":"Ramdurg", "state":"Karnataka"},
	{"name":"Ranibennur", "state":"Karnataka"},
	{"name":"Robertson Pet", "state":"Karnataka"},
	{"name":"Ron", "state":"Karnataka"},
	{"name":"Sadalgi", "state":"Karnataka"},
	{"name":"Sagar", "state":"Karnataka"},
	{"name":"Sakleshpur", "state":"Karnataka"},
	{"name":"Sandur", "state":"Karnataka"},
	{"name":"Sankeshwar", "state":"Karnataka"},
	{"name":"Saundatti-Yellamma", "state":"Karnataka"},
	{"name":"Savanur", "state":"Karnataka"},
	{"name":"Sedam", "state":"Karnataka"},
	{"name":"Shahabad", "state":"Karnataka"},
	{"name":"Shahpur", "state":"Karnataka"},
	{"name":"Shiggaon", "state":"Karnataka"},
	{"name":"Shikapur", "state":"Karnataka"},
	{"name":"Shimoga", "state":"Karnataka"},
	{"name":"Shorapur", "state":"Karnataka"},
	{"name":"Shrirangapattana", "state":"Karnataka"},
	{"name":"Sidlaghatta", "state":"Karnataka"},
	{"name":"Sindgi", "state":"Karnataka"},
	{"name":"Sindhnur", "state":"Karnataka"},
	{"name":"Sira", "state":"Karnataka"},
	{"name":"Sirsi", "state":"Karnataka"},
	{"name":"Siruguppa", "state":"Karnataka"},
	{"name":"Srinivaspur", "state":"Karnataka"},
	{"name":"Talikota", "state":"Karnataka"},
	{"name":"Tarikere", "state":"Karnataka"},
	{"name":"Tekkalakota", "state":"Karnataka"},
	{"name":"Terdal", "state":"Karnataka"},
	{"name":"Tiptur", "state":"Karnataka"},
	{"name":"Tumkur", "state":"Karnataka"},
	{"name":"Udupi", "state":"Karnataka"},
	{"name":"Vijayapura", "state":"Karnataka"},
	{"name":"Wadi", "state":"Karnataka"},
	{"name":"Yadgir", "state":"Karnataka"},
	{"name":"Adoor", "state":"Kerala"},
	{"name":"Akathiyoor", "state":"Kerala"},
	{"name":"Alappuzha", "state":"Kerala"},
	{"name":"Ancharakandy", "state":"Kerala"},
	{"name":"Aroor", "state":"Kerala"},
	{"name":"Ashtamichira", "state":"Kerala"},
	{"name":"Attingal", "state":"Kerala"},
	{"name":"Avinissery", "state":"Kerala"},
	{"name":"Chalakudy", "state":"Kerala"},
	{"name":"Changanassery", "state":"Kerala"},
	{"name":"Chendamangalam", "state":"Kerala"},
	{"name":"Chengannur", "state":"Kerala"},
	{"name":"Cherthala", "state":"Kerala"},
	{"name":"Cheruthazham", "state":"Kerala"},
	{"name":"Chittur-Thathamangalam", "state":"Kerala"},
	{"name":"Chockli", "state":"Kerala"},
	{"name":"Erattupetta", "state":"Kerala"},
	{"name":"Guruvayoor", "state":"Kerala"},
	{"name":"Irinjalakuda", "state":"Kerala"},
	{"name":"Kadirur", "state":"Kerala"},
	{"name":"Kalliasseri", "state":"Kerala"},
	{"name":"Kalpetta", "state":"Kerala"},
	{"name":"Kanhangad", "state":"Kerala"},
	{"name":"Kanjikkuzhi", "state":"Kerala"},
	{"name":"Kannur", "state":"Kerala"},
	{"name":"Kasaragod", "state":"Kerala"},
	{"name":"Kayamkulam", "state":"Kerala"},
	{"name":"Kochi", "state":"Kerala"},
	{"name":"Kodungallur", "state":"Kerala"},
	{"name":"Kollam", "state":"Kerala"},
	{"name":"Koothuparamba", "state":"Kerala"},
	{"name":"Kothamangalam", "state":"Kerala"},
	{"name":"Kottayam", "state":"Kerala"},
	{"name":"Kozhikode", "state":"Kerala"},
	{"name":"Kunnamkulam", "state":"Kerala"},
	{"name":"Malappuram", "state":"Kerala"},
	{"name":"Mattannur", "state":"Kerala"},
	{"name":"Mavelikkara", "state":"Kerala"},
	{"name":"Mavoor", "state":"Kerala"},
	{"name":"Muvattupuzha", "state":"Kerala"},
	{"name":"Nedumangad", "state":"Kerala"},
	{"name":"Neyyattinkara", "state":"Kerala"},
	{"name":"Ottappalam", "state":"Kerala"},
	{"name":"Palai", "state":"Kerala"},
	{"name":"Palakkad", "state":"Kerala"},
	{"name":"Panniyannur", "state":"Kerala"},
	{"name":"Pappinisseri", "state":"Kerala"},
	{"name":"Paravoor", "state":"Kerala"},
	{"name":"Pathanamthitta", "state":"Kerala"},
	{"name":"Payyannur", "state":"Kerala"},
	{"name":"Peringathur", "state":"Kerala"},
	{"name":"Perinthalmanna", "state":"Kerala"},
	{"name":"Perumbavoor", "state":"Kerala"},
	{"name":"Ponnani", "state":"Kerala"},
	{"name":"Punalur", "state":"Kerala"},
	{"name":"Quilandy", "state":"Kerala"},
	{"name":"Shoranur", "state":"Kerala"},
	{"name":"Taliparamba", "state":"Kerala"},
	{"name":"Thiruvalla", "state":"Kerala"},
	{"name":"Thiruvananthapuram", "state":"Kerala"},
	{"name":"Thodupuzha", "state":"Kerala"},
	{"name":"Thrissur", "state":"Kerala"},
	{"name":"Tirur", "state":"Kerala"},
	{"name":"Vadakara", "state":"Kerala"},
	{"name":"Vaikom", "state":"Kerala"},
	{"name":"Varkala", "state":"Kerala"},
	{"name":"Kavaratti", "state":"Lakshadweep"},
	{"name":"Ashok Nagar", "state":"Madhya Pradesh"},
	{"name":"Balaghat", "state":"Madhya Pradesh"},
	{"name":"Betul", "state":"Madhya Pradesh"},
	{"name":"Bhopal", "state":"Madhya Pradesh"},
	{"name":"Burhanpur", "state":"Madhya Pradesh"},
	{"name":"Chhatarpur", "state":"Madhya Pradesh"},
	{"name":"Dabra", "state":"Madhya Pradesh"},
	{"name":"Datia", "state":"Madhya Pradesh"},
	{"name":"Dewas", "state":"Madhya Pradesh"},
	{"name":"Dhar", "state":"Madhya Pradesh"},
	{"name":"Fatehabad", "state":"Madhya Pradesh"},
	{"name":"Gwalior", "state":"Madhya Pradesh"},
	{"name":"Indore", "state":"Madhya Pradesh"},
	{"name":"Itarsi", "state":"Madhya Pradesh"},
	{"name":"Jabalpur", "state":"Madhya Pradesh"},
	{"name":"Katni", "state":"Madhya Pradesh"},
	{"name":"Kotma", "state":"Madhya Pradesh"},
	{"name":"Lahar", "state":"Madhya Pradesh"},
	{"name":"Lundi", "state":"Madhya Pradesh"},
	{"name":"Maharajpur", "state":"Madhya Pradesh"},
	{"name":"Mahidpur", "state":"Madhya Pradesh"},
	{"name":"Maihar", "state":"Madhya Pradesh"},
	{"name":"Malajkhand", "state":"Madhya Pradesh"},
	{"name":"Manasa", "state":"Madhya Pradesh"},
	{"name":"Manawar", "state":"Madhya Pradesh"},
	{"name":"Mandideep", "state":"Madhya Pradesh"},
	{"name":"Mandla", "state":"Madhya Pradesh"},
	{"name":"Mandsaur", "state":"Madhya Pradesh"},
	{"name":"Mauganj", "state":"Madhya Pradesh"},
	{"name":"Mhow Cantonment", "state":"Madhya Pradesh"},
	{"name":"Mhowgaon", "state":"Madhya Pradesh"},
	{"name":"Morena", "state":"Madhya Pradesh"},
	{"name":"Multai", "state":"Madhya Pradesh"},
	{"name":"Murwara", "state":"Madhya Pradesh"},
	{"name":"Nagda", "state":"Madhya Pradesh"},
	{"name":"Nainpur", "state":"Madhya Pradesh"},
	{"name":"Narsinghgarh", "state":"Madhya Pradesh"},
	{"name":"Narsinghgarh", "state":"Madhya Pradesh"},
	{"name":"Neemuch", "state":"Madhya Pradesh"},
	{"name":"Nepanagar", "state":"Madhya Pradesh"},
	{"name":"Niwari", "state":"Madhya Pradesh"},
	{"name":"Nowgong", "state":"Madhya Pradesh"},
	{"name":"Nowrozabad", "state":"Madhya Pradesh"},
	{"name":"Pachore", "state":"Madhya Pradesh"},
	{"name":"Pali", "state":"Madhya Pradesh"},
	{"name":"Panagar", "state":"Madhya Pradesh"},
	{"name":"Pandhurna", "state":"Madhya Pradesh"},
	{"name":"Panna", "state":"Madhya Pradesh"},
	{"name":"Pasan", "state":"Madhya Pradesh"},
	{"name":"Pipariya", "state":"Madhya Pradesh"},
	{"name":"Pithampur", "state":"Madhya Pradesh"},
	{"name":"Porsa", "state":"Madhya Pradesh"},
	{"name":"Prithvipur", "state":"Madhya Pradesh"},
	{"name":"Raghogarh-Vijaypur", "state":"Madhya Pradesh"},
	{"name":"Rahatgarh", "state":"Madhya Pradesh"},
	{"name":"Raisen", "state":"Madhya Pradesh"},
	{"name":"Rajgarh", "state":"Madhya Pradesh"},
	{"name":"Ratlam", "state":"Madhya Pradesh"},
	{"name":"Rau", "state":"Madhya Pradesh"},
	{"name":"Rehli", "state":"Madhya Pradesh"},
	{"name":"Rewa", "state":"Madhya Pradesh"},
	{"name":"Sabalgarh", "state":"Madhya Pradesh"},
	{"name":"Sagar", "state":"Madhya Pradesh"},
	{"name":"Sanawad", "state":"Madhya Pradesh"},
	{"name":"Sarangpur", "state":"Madhya Pradesh"},
	{"name":"Sarni", "state":"Madhya Pradesh"},
	{"name":"Satna", "state":"Madhya Pradesh"},
	{"name":"Sausar", "state":"Madhya Pradesh"},
	{"name":"Sehore", "state":"Madhya Pradesh"},
	{"name":"Sendhwa", "state":"Madhya Pradesh"},
	{"name":"Seoni", "state":"Madhya Pradesh"},
	{"name":"Seoni-Malwa", "state":"Madhya Pradesh"},
	{"name":"Shahdol", "state":"Madhya Pradesh"},
	{"name":"Shajapur", "state":"Madhya Pradesh"},
	{"name":"Shamgarh", "state":"Madhya Pradesh"},
	{"name":"Sheopur", "state":"Madhya Pradesh"},
	{"name":"Shivpuri", "state":"Madhya Pradesh"},
	{"name":"Shujalpur", "state":"Madhya Pradesh"},
	{"name":"Sidhi", "state":"Madhya Pradesh"},
	{"name":"Sihora", "state":"Madhya Pradesh"},
	{"name":"Singrauli", "state":"Madhya Pradesh"},
	{"name":"Sironj", "state":"Madhya Pradesh"},
	{"name":"Sohagpur", "state":"Madhya Pradesh"},
	{"name":"Tarana", "state":"Madhya Pradesh"},
	{"name":"Tikamgarh", "state":"Madhya Pradesh"},
	{"name":"Ujhani", "state":"Madhya Pradesh"},
	{"name":"Ujjain", "state":"Madhya Pradesh"},
	{"name":"Umaria", "state":"Madhya Pradesh"},
	{"name":"Vidisha", "state":"Madhya Pradesh"},
	{"name":"Wara Seoni", "state":"Madhya Pradesh"},
	{"name":"Ahmednagar", "state":"Maharashtra"},
	{"name":"Akola", "state":"Maharashtra"},
	{"name":"Amravati", "state":"Maharashtra"},
	{"name":"Aurangabad", "state":"Maharashtra"},
	{"name":"Baramati", "state":"Maharashtra"},
	{"name":"Chalisgaon", "state":"Maharashtra"},
	{"name":"Chinchani", "state":"Maharashtra"},
	{"name":"Devgarh", "state":"Maharashtra"},
	{"name":"Dhule", "state":"Maharashtra"},
	{"name":"Dombivli", "state":"Maharashtra"},
	{"name":"Durgapur", "state":"Maharashtra"},
	{"name":"Ichalkaranji", "state":"Maharashtra"},
	{"name":"Jalna", "state":"Maharashtra"},
	{"name":"Kalyan", "state":"Maharashtra"},
	{"name":"Latur", "state":"Maharashtra"},
	{"name":"Loha", "state":"Maharashtra"},
	{"name":"Lonar", "state":"Maharashtra"},
	{"name":"Lonavla", "state":"Maharashtra"},
	{"name":"Mahad", "state":"Maharashtra"},
	{"name":"Mahuli", "state":"Maharashtra"},
	{"name":"Malegaon", "state":"Maharashtra"},
	{"name":"Malkapur", "state":"Maharashtra"},
	{"name":"Manchar", "state":"Maharashtra"},
	{"name":"Mangalvedhe", "state":"Maharashtra"},
	{"name":"Mangrulpir", "state":"Maharashtra"},
	{"name":"Manjlegaon", "state":"Maharashtra"},
	{"name":"Manmad", "state":"Maharashtra"},
	{"name":"Manwath", "state":"Maharashtra"},
	{"name":"Mehkar", "state":"Maharashtra"},
	{"name":"Mhaswad", "state":"Maharashtra"},
	{"name":"Miraj", "state":"Maharashtra"},
	{"name":"Morshi", "state":"Maharashtra"},
	{"name":"Mukhed", "state":"Maharashtra"},
	{"name":"Mul", "state":"Maharashtra"},
	{"name":"Mumbai", "state":"Maharashtra"},
	{"name":"Murtijapur", "state":"Maharashtra"},
	{"name":"Nagpur", "state":"Maharashtra"},
	{"name":"Nalasopara", "state":"Maharashtra"},
	{"name":"Nanded-Waghala", "state":"Maharashtra"},
	{"name":"Nandgaon", "state":"Maharashtra"},
	{"name":"Nandura", "state":"Maharashtra"},
	{"name":"Nandurbar", "state":"Maharashtra"},
	{"name":"Narkhed", "state":"Maharashtra"},
	{"name":"Nashik", "state":"Maharashtra"},
	{"name":"Navi Mumbai", "state":"Maharashtra"},
	{"name":"Nawapur", "state":"Maharashtra"},
	{"name":"Nilanga", "state":"Maharashtra"},
	{"name":"Osmanabad", "state":"Maharashtra"},
	{"name":"Ozar", "state":"Maharashtra"},
	{"name":"Pachora", "state":"Maharashtra"},
	{"name":"Paithan", "state":"Maharashtra"},
	{"name":"Palghar", "state":"Maharashtra"},
	{"name":"Pandharkaoda", "state":"Maharashtra"},
	{"name":"Pandharpur", "state":"Maharashtra"},
	{"name":"Panvel", "state":"Maharashtra"},
	{"name":"Parbhani", "state":"Maharashtra"},
	{"name":"Parli", "state":"Maharashtra"},
	{"name":"Parola", "state":"Maharashtra"},
	{"name":"Partur", "state":"Maharashtra"},
	{"name":"Pathardi", "state":"Maharashtra"},
	{"name":"Pathri", "state":"Maharashtra"},
	{"name":"Patur", "state":"Maharashtra"},
	{"name":"Pauni", "state":"Maharashtra"},
	{"name":"Pen", "state":"Maharashtra"},
	{"name":"Phaltan", "state":"Maharashtra"},
	{"name":"Pulgaon", "state":"Maharashtra"},
	{"name":"Pune", "state":"Maharashtra"},
	{"name":"Purna", "state":"Maharashtra"},
	{"name":"Pusad", "state":"Maharashtra"},
	{"name":"Rahuri", "state":"Maharashtra"},
	{"name":"Rajura", "state":"Maharashtra"},
	{"name":"Ramtek", "state":"Maharashtra"},
	{"name":"Ratnagiri", "state":"Maharashtra"},
	{"name":"Raver", "state":"Maharashtra"},
	{"name":"Risod", "state":"Maharashtra"},
	{"name":"Sailu", "state":"Maharashtra"},
	{"name":"Sangamner", "state":"Maharashtra"},
	{"name":"Sangli", "state":"Maharashtra"},
	{"name":"Sangole", "state":"Maharashtra"},
	{"name":"Sasvad", "state":"Maharashtra"},
	{"name":"Satana", "state":"Maharashtra"},
	{"name":"Satara", "state":"Maharashtra"},
	{"name":"Savner", "state":"Maharashtra"},
	{"name":"Sawantwadi", "state":"Maharashtra"},
	{"name":"Shahade", "state":"Maharashtra"},
	{"name":"Shegaon", "state":"Maharashtra"},
	{"name":"Shendurjana", "state":"Maharashtra"},
	{"name":"Shirdi", "state":"Maharashtra"},
	{"name":"Shirpur-Warwade", "state":"Maharashtra"},
	{"name":"Shirur", "state":"Maharashtra"},
	{"name":"Shrigonda", "state":"Maharashtra"},
	{"name":"Shrirampur", "state":"Maharashtra"},
	{"name":"Sillod", "state":"Maharashtra"},
	{"name":"Sinnar", "state":"Maharashtra"},
	{"name":"Solapur", "state":"Maharashtra"},
	{"name":"Soyagaon", "state":"Maharashtra"},
	{"name":"Talegaon Dabhade", "state":"Maharashtra"},
	{"name":"Talode", "state":"Maharashtra"},
	{"name":"Tasgaon", "state":"Maharashtra"},
	{"name":"Tirora", "state":"Maharashtra"},
	{"name":"Tuljapur", "state":"Maharashtra"},
	{"name":"Tumsar", "state":"Maharashtra"},
	{"name":"Uran", "state":"Maharashtra"},
	{"name":"Uran Islampur", "state":"Maharashtra"},
	{"name":"Wadgaon Road", "state":"Maharashtra"},
	{"name":"Wai", "state":"Maharashtra"},
	{"name":"Wani", "state":"Maharashtra"},
	{"name":"Wardha", "state":"Maharashtra"},
	{"name":"Warora", "state":"Maharashtra"},
	{"name":"Warud", "state":"Maharashtra"},
	{"name":"Washim", "state":"Maharashtra"},
	{"name":"Yevla", "state":"Maharashtra"},
	{"name":"Uchgaon", "state":"Maharashtra"},
	{"name":"Udgir", "state":"Maharashtra"},
	{"name":"Umarga", "state":"Maharastra"},
	{"name":"Umarkhed", "state":"Maharastra"},
	{"name":"Umred", "state":"Maharastra"},
	{"name":"Vadgaon Kasba", "state":"Maharastra"},
	{"name":"Vaijapur", "state":"Maharastra"},
	{"name":"Vasai", "state":"Maharastra"},
	{"name":"Virar", "state":"Maharastra"},
	{"name":"Vita", "state":"Maharastra"},
	{"name":"Yavatmal", "state":"Maharastra"},
	{"name":"Yawal", "state":"Maharastra"},
	{"name":"Imphal", "state":"Manipur"},
	{"name":"Kakching", "state":"Manipur"},
	{"name":"Lilong", "state":"Manipur"},
	{"name":"Mayang Imphal", "state":"Manipur"},
	{"name":"Thoubal", "state":"Manipur"},
	{"name":"Jowai", "state":"Meghalaya"},
	{"name":"Nongstoin", "state":"Meghalaya"},
	{"name":"Shillong", "state":"Meghalaya"},
	{"name":"Tura", "state":"Meghalaya"},
	{"name":"Aizawl", "state":"Mizoram"},
	{"name":"Champhai", "state":"Mizoram"},
	{"name":"Lunglei", "state":"Mizoram"},
	{"name":"Saiha", "state":"Mizoram"},
	{"name":"Dimapur", "state":"Nagaland"},
	{"name":"Kohima", "state":"Nagaland"},
	{"name":"Mokokchung", "state":"Nagaland"},
	{"name":"Tuensang", "state":"Nagaland"},
	{"name":"Wokha", "state":"Nagaland"},
	{"name":"Zunheboto", "state":"Nagaland"},
	{"name":"Anandapur", "state":"Orissa"},
	{"name":"Anugul", "state":"Orissa"},
	{"name":"Asika", "state":"Orissa"},
	{"name":"Balangir", "state":"Orissa"},
	{"name":"Balasore", "state":"Orissa"},
	{"name":"Baleshwar", "state":"Orissa"},
	{"name":"Bamra", "state":"Orissa"},
	{"name":"Barbil", "state":"Orissa"},
	{"name":"Bargarh", "state":"Orissa"},
	{"name":"Bargarh", "state":"Orissa"},
	{"name":"Baripada", "state":"Orissa"},
	{"name":"Basudebpur", "state":"Orissa"},
	{"name":"Belpahar", "state":"Orissa"},
	{"name":"Bhadrak", "state":"Orissa"},
	{"name":"Bhawanipatna", "state":"Orissa"},
	{"name":"Bhuban", "state":"Orissa"},
	{"name":"Bhubaneswar", "state":"Orissa"},
	{"name":"Biramitrapur", "state":"Orissa"},
	{"name":"Brahmapur", "state":"Orissa"},
	{"name":"Brajrajnagar", "state":"Orissa"},
	{"name":"Byasanagar", "state":"Orissa"},
	{"name":"Cuttack", "state":"Orissa"},
	{"name":"Debagarh", "state":"Orissa"},
	{"name":"Dhenkanal", "state":"Orissa"},
	{"name":"Gunupur", "state":"Orissa"},
	{"name":"Hinjilicut", "state":"Orissa"},
	{"name":"Jagatsinghapur", "state":"Orissa"},
	{"name":"Jajapur", "state":"Orissa"},
	{"name":"Jaleswar", "state":"Orissa"},
	{"name":"Jatani", "state":"Orissa"},
	{"name":"Jeypur", "state":"Orissa"},
	{"name":"Jharsuguda", "state":"Orissa"},
	{"name":"Joda", "state":"Orissa"},
	{"name":"Kantabanji", "state":"Orissa"},
	{"name":"Karanjia", "state":"Orissa"},
	{"name":"Kendrapara", "state":"Orissa"},
	{"name":"Kendujhar", "state":"Orissa"},
	{"name":"Khordha", "state":"Orissa"},
	{"name":"Koraput", "state":"Orissa"},
	{"name":"Malkangiri", "state":"Orissa"},
	{"name":"Nabarangapur", "state":"Orissa"},
	{"name":"Paradip", "state":"Orissa"},
	{"name":"Parlakhemundi", "state":"Orissa"},
	{"name":"Pattamundai", "state":"Orissa"},
	{"name":"Phulabani", "state":"Orissa"},
	{"name":"Puri", "state":"Orissa"},
	{"name":"Rairangpur", "state":"Orissa"},
	{"name":"Rajagangapur", "state":"Orissa"},
	{"name":"Raurkela", "state":"Orissa"},
	{"name":"Rayagada", "state":"Orissa"},
	{"name":"Sambalpur", "state":"Orissa"},
	{"name":"Soro", "state":"Orissa"},
	{"name":"Sunabeda", "state":"Orissa"},
	{"name":"Sundargarh", "state":"Orissa"},
	{"name":"Talcher", "state":"Orissa"},
	{"name":"Titlagarh", "state":"Orissa"},
	{"name":"Umarkote", "state":"Orissa"},
	{"name":"Karaikal", "state":"Pondicherry"},
	{"name":"Mahe", "state":"Pondicherry"},
	{"name":"Pondicherry", "state":"Pondicherry"},
	{"name":"Yanam", "state":"Pondicherry"},
	{"name":"Ahmedgarh", "state":"Punjab"},
	{"name":"Amritsar", "state":"Punjab"},
	{"name":"Barnala", "state":"Punjab"},
	{"name":"Batala", "state":"Punjab"},
	{"name":"Bathinda", "state":"Punjab"},
	{"name":"Bhagha Purana", "state":"Punjab"},
	{"name":"Budhlada", "state":"Punjab"},
	{"name":"Chandigarh", "state":"Punjab"},
	{"name":"Dasua", "state":"Punjab"},
	{"name":"Dhuri", "state":"Punjab"},
	{"name":"Dinanagar", "state":"Punjab"},
	{"name":"Faridkot", "state":"Punjab"},
	{"name":"Fazilka", "state":"Punjab"},
	{"name":"Firozpur", "state":"Punjab"},
	{"name":"Firozpur Cantt.", "state":"Punjab"},
	{"name":"Giddarbaha", "state":"Punjab"},
	{"name":"Gobindgarh", "state":"Punjab"},
	{"name":"Gurdaspur", "state":"Punjab"},
	{"name":"Hoshiarpur", "state":"Punjab"},
	{"name":"Jagraon", "state":"Punjab"},
	{"name":"Jaitu", "state":"Punjab"},
	{"name":"Jalalabad", "state":"Punjab"},
	{"name":"Jalandhar", "state":"Punjab"},
	{"name":"Jalandhar Cantt.", "state":"Punjab"},
	{"name":"Jandiala", "state":"Punjab"},
	{"name":"Kapurthala", "state":"Punjab"},
	{"name":"Karoran", "state":"Punjab"},
	{"name":"Kartarpur", "state":"Punjab"},
	{"name":"Khanna", "state":"Punjab"},
	{"name":"Kharar", "state":"Punjab"},
	{"name":"Kot Kapura", "state":"Punjab"},
	{"name":"Kurali", "state":"Punjab"},
	{"name":"Longowal", "state":"Punjab"},
	{"name":"Ludhiana", "state":"Punjab"},
	{"name":"Malerkotla", "state":"Punjab"},
	{"name":"Malout", "state":"Punjab"},
	{"name":"Mansa", "state":"Punjab"},
	{"name":"Maur", "state":"Punjab"},
	{"name":"Moga", "state":"Punjab"},
	{"name":"Mohali", "state":"Punjab"},
	{"name":"Morinda", "state":"Punjab"},
	{"name":"Mukerian", "state":"Punjab"},
	{"name":"Muktsar", "state":"Punjab"},
	{"name":"Nabha", "state":"Punjab"},
	{"name":"Nakodar", "state":"Punjab"},
	{"name":"Nangal", "state":"Punjab"},
	{"name":"Nawanshahr", "state":"Punjab"},
	{"name":"Pathankot", "state":"Punjab"},
	{"name":"Patiala", "state":"Punjab"},
	{"name":"Patran", "state":"Punjab"},
	{"name":"Patti", "state":"Punjab"},
	{"name":"Phagwara", "state":"Punjab"},
	{"name":"Phillaur", "state":"Punjab"},
	{"name":"Qadian", "state":"Punjab"},
	{"name":"Raikot", "state":"Punjab"},
	{"name":"Rajpura", "state":"Punjab"},
	{"name":"Rampura Phul", "state":"Punjab"},
	{"name":"Rupnagar", "state":"Punjab"},
	{"name":"Samana", "state":"Punjab"},
	{"name":"Sangrur", "state":"Punjab"},
	{"name":"Sirhind Fatehgarh Sahib", "state":"Punjab"},
	{"name":"Sujanpur", "state":"Punjab"},
	{"name":"Sunam", "state":"Punjab"},
	{"name":"Talwara", "state":"Punjab"},
	{"name":"Tarn Taran", "state":"Punjab"},
	{"name":"Urmar Tanda", "state":"Punjab"},
	{"name":"Zira", "state":"Punjab"},
	{"name":"Zirakpur", "state":"Punjab"},
	{"name":"Bali", "state":"Rajasthan"},
	{"name":"Banswara", "state":"Rajastan"},
	{"name":"Ajmer", "state":"Rajasthan"},
	{"name":"Alwar", "state":"Rajasthan"},
	{"name":"Bandikui", "state":"Rajasthan"},
	{"name":"Baran", "state":"Rajasthan"},
	{"name":"Barmer", "state":"Rajasthan"},
	{"name":"Bikaner", "state":"Rajasthan"},
	{"name":"Fatehpur", "state":"Rajasthan"},
	{"name":"Jaipur", "state":"Rajasthan"},
	{"name":"Jaisalmer", "state":"Rajasthan"},
	{"name":"Jodhpur", "state":"Rajasthan"},
	{"name":"Kota", "state":"Rajasthan"},
	{"name":"Lachhmangarh", "state":"Rajasthan"},
	{"name":"Ladnu", "state":"Rajasthan"},
	{"name":"Lakheri", "state":"Rajasthan"},
	{"name":"Lalsot", "state":"Rajasthan"},
	{"name":"Losal", "state":"Rajasthan"},
	{"name":"Makrana", "state":"Rajasthan"},
	{"name":"Malpura", "state":"Rajasthan"},
	{"name":"Mandalgarh", "state":"Rajasthan"},
	{"name":"Mandawa", "state":"Rajasthan"},
	{"name":"Mangrol", "state":"Rajasthan"},
	{"name":"Merta name", "state":"Rajasthan"},
	{"name":"Mount Abu", "state":"Rajasthan"},
	{"name":"Nadbai", "state":"Rajasthan"},
	{"name":"Nagar", "state":"Rajasthan"},
	{"name":"Nagaur", "state":"Rajasthan"},
	{"name":"Nargund", "state":"Rajasthan"},
	{"name":"Nasirabad", "state":"Rajasthan"},
	{"name":"Nathdwara", "state":"Rajasthan"},
	{"name":"Navalgund", "state":"Rajasthan"},
	{"name":"Nawalgarh", "state":"Rajasthan"},
	{"name":"Neem-Ka-Thana", "state":"Rajasthan"},
	{"name":"Nelamangala", "state":"Rajasthan"},
	{"name":"Nimbahera", "state":"Rajasthan"},
	{"name":"Nipani", "state":"Rajasthan"},
	{"name":"Niwai", "state":"Rajasthan"},
	{"name":"Nohar", "state":"Rajasthan"},
	{"name":"Nokha", "state":"Rajasthan"},
	{"name":"Pali", "state":"Rajasthan"},
	{"name":"Phalodi", "state":"Rajasthan"},
	{"name":"Phulera", "state":"Rajasthan"},
	{"name":"Pilani", "state":"Rajasthan"},
	{"name":"Pilibanga", "state":"Rajasthan"},
	{"name":"Pindwara", "state":"Rajasthan"},
	{"name":"Pipar name", "state":"Rajasthan"},
	{"name":"Prantij", "state":"Rajasthan"},
	{"name":"Pratapgarh", "state":"Rajasthan"},
	{"name":"Raisinghnagar", "state":"Rajasthan"},
	{"name":"Rajakhera", "state":"Rajasthan"},
	{"name":"Rajaldesar", "state":"Rajasthan"},
	{"name":"Rajgarh (Alwar)", "state":"Rajasthan"},
	{"name":"Rajgarh (Churu", "state":"Rajasthan"},
	{"name":"Rajsamand", "state":"Rajasthan"},
	{"name":"Ramganj Mandi", "state":"Rajasthan"},
	{"name":"Ramngarh", "state":"Rajasthan"},
	{"name":"Ratangarh", "state":"Rajasthan"},
	{"name":"Rawatbhata", "state":"Rajasthan"},
	{"name":"Rawatsar", "state":"Rajasthan"},
	{"name":"Reengus", "state":"Rajasthan"},
	{"name":"Sadri", "state":"Rajasthan"},
	{"name":"Sadulshahar", "state":"Rajasthan"},
	{"name":"Sagwara", "state":"Rajasthan"},
	{"name":"Sambhar", "state":"Rajasthan"},
	{"name":"Sanchore", "state":"Rajasthan"},
	{"name":"Sangaria", "state":"Rajasthan"},
	{"name":"Sardarshahar", "state":"Rajasthan"},
	{"name":"Sawai Madhopur", "state":"Rajasthan"},
	{"name":"Shahpura", "state":"Rajasthan"},
	{"name":"Shahpura", "state":"Rajasthan"},
	{"name":"Sheoganj", "state":"Rajasthan"},
	{"name":"Sikar", "state":"Rajasthan"},
	{"name":"Sirohi", "state":"Rajasthan"},
	{"name":"Sojat", "state":"Rajasthan"},
	{"name":"Sri Madhopur", "state":"Rajasthan"},
	{"name":"Sujangarh", "state":"Rajasthan"},
	{"name":"Sumerpur", "state":"Rajasthan"},
	{"name":"Suratgarh", "state":"Rajasthan"},
	{"name":"Taranagar", "state":"Rajasthan"},
	{"name":"Todabhim", "state":"Rajasthan"},
	{"name":"Todaraisingh", "state":"Rajasthan"},
	{"name":"Tonk", "state":"Rajasthan"},
	{"name":"Udaipur", "state":"Rajasthan"},
	{"name":"Udaipurwati", "state":"Rajasthan"},
	{"name":"Vijainagar", "state":"Rajasthan"},
	{"name":"Gangtok", "state":"Sikkim"},
	{"name":"Calcutta", "state":"West Bengal"},
	{"name":"Arakkonam", "state":"Tamil Nadu"},
	{"name":"Arcot", "state":"Tamil Nadu"},
	{"name":"Aruppukkottai", "state":"Tamil Nadu"},
	{"name":"Bhavani", "state":"Tamil Nadu"},
	{"name":"Chengalpattu", "state":"Tamil Nadu"},
	{"name":"Chennai", "state":"Tamil Nadu"},
	{"name":"Chinna salem", "state":"Tamil nadu"},
	{"name":"Coimbatore", "state":"Tamil Nadu"},
	{"name":"Coonoor", "state":"Tamil Nadu"},
	{"name":"Cuddalore", "state":"Tamil Nadu"},
	{"name":"Dharmapuri", "state":"Tamil Nadu"},
	{"name":"Dindigul", "state":"Tamil Nadu"},
	{"name":"Erode", "state":"Tamil Nadu"},
	{"name":"Gudalur", "state":"Tamil Nadu"},
	{"name":"Gudalur", "state":"Tamil Nadu"},
	{"name":"Gudalur", "state":"Tamil Nadu"},
	{"name":"Kanchipuram", "state":"Tamil Nadu"},
	{"name":"Karaikudi", "state":"Tamil Nadu"},
	{"name":"Karungal", "state":"Tamil Nadu"},
	{"name":"Karur", "state":"Tamil Nadu"},
	{"name":"Kollankodu", "state":"Tamil Nadu"},
	{"name":"Lalgudi", "state":"Tamil Nadu"},
	{"name":"Madurai", "state":"Tamil Nadu"},
	{"name":"Nagapattinam", "state":"Tamil Nadu"},
	{"name":"Nagercoil", "state":"Tamil Nadu"},
	{"name":"Namagiripettai", "state":"Tamil Nadu"},
	{"name":"Namakkal", "state":"Tamil Nadu"},
	{"name":"Nandivaram-Guduvancheri", "state":"Tamil Nadu"},
	{"name":"Nanjikottai", "state":"Tamil Nadu"},
	{"name":"Natham", "state":"Tamil Nadu"},
	{"name":"Nellikuppam", "state":"Tamil Nadu"},
	{"name":"Neyveli", "state":"Tamil Nadu"},
	{"name":"O Valley", "state":"Tamil Nadu"},
	{"name":"Oddanchatram", "state":"Tamil Nadu"},
	{"name":"P.N.Patti", "state":"Tamil Nadu"},
	{"name":"Pacode", "state":"Tamil Nadu"},
	{"name":"Padmanabhapuram", "state":"Tamil Nadu"},
	{"name":"Palani", "state":"Tamil Nadu"},
	{"name":"Palladam", "state":"Tamil Nadu"},
	{"name":"Pallapatti", "state":"Tamil Nadu"},
	{"name":"Pallikonda", "state":"Tamil Nadu"},
	{"name":"Panagudi", "state":"Tamil Nadu"},
	{"name":"Panruti", "state":"Tamil Nadu"},
	{"name":"Paramakudi", "state":"Tamil Nadu"},
	{"name":"Parangipettai", "state":"Tamil Nadu"},
	{"name":"Pattukkottai", "state":"Tamil Nadu"},
	{"name":"Perambalur", "state":"Tamil Nadu"},
	{"name":"Peravurani", "state":"Tamil Nadu"},
	{"name":"Periyakulam", "state":"Tamil Nadu"},
	{"name":"Periyasemur", "state":"Tamil Nadu"},
	{"name":"Pernampattu", "state":"Tamil Nadu"},
	{"name":"Pollachi", "state":"Tamil Nadu"},
	{"name":"Polur", "state":"Tamil Nadu"},
	{"name":"Ponneri", "state":"Tamil Nadu"},
	{"name":"Pudukkottai", "state":"Tamil Nadu"},
	{"name":"Pudupattinam", "state":"Tamil Nadu"},
	{"name":"Puliyankudi", "state":"Tamil Nadu"},
	{"name":"Punjaipugalur", "state":"Tamil Nadu"},
	{"name":"Rajapalayam", "state":"Tamil Nadu"},
	{"name":"Ramanathapuram", "state":"Tamil Nadu"},
	{"name":"Rameshwaram", "state":"Tamil Nadu"},
	{"name":"Rasipuram", "state":"Tamil Nadu"},
	{"name":"Salem", "state":"Tamil Nadu"},
	{"name":"Sankarankoil", "state":"Tamil Nadu"},
	{"name":"Sankari", "state":"Tamil Nadu"},
	{"name":"Sathyamangalam", "state":"Tamil Nadu"},
	{"name":"Sattur", "state":"Tamil Nadu"},
	{"name":"Shenkottai", "state":"Tamil Nadu"},
	{"name":"Sholavandan", "state":"Tamil Nadu"},
	{"name":"Sholingur", "state":"Tamil Nadu"},
	{"name":"Sirkali", "state":"Tamil Nadu"},
	{"name":"Sivaganga", "state":"Tamil Nadu"},
	{"name":"Sivagiri", "state":"Tamil Nadu"},
	{"name":"Sivakasi", "state":"Tamil Nadu"},
	{"name":"Srivilliputhur", "state":"Tamil Nadu"},
	{"name":"Surandai", "state":"Tamil Nadu"},
	{"name":"Suriyampalayam", "state":"Tamil Nadu"},
	{"name":"Tenkasi", "state":"Tamil Nadu"},
	{"name":"Thammampatti", "state":"Tamil Nadu"},
	{"name":"Thanjavur", "state":"Tamil Nadu"},
	{"name":"Tharamangalam", "state":"Tamil Nadu"},
	{"name":"Tharangambadi", "state":"Tamil Nadu"},
	{"name":"Theni Allinagaram", "state":"Tamil Nadu"},
	{"name":"Thirumangalam", "state":"Tamil Nadu"},
	{"name":"Thirunindravur", "state":"Tamil Nadu"},
	{"name":"Thiruparappu", "state":"Tamil Nadu"},
	{"name":"Thirupuvanam", "state":"Tamil Nadu"},
	{"name":"Thiruthuraipoondi", "state":"Tamil Nadu"},
	{"name":"Thiruvallur", "state":"Tamil Nadu"},
	{"name":"Thiruvarur", "state":"Tamil Nadu"},
	{"name":"Thoothukudi", "state":"Tamil Nadu"},
	{"name":"Thuraiyur", "state":"Tamil Nadu"},
	{"name":"Tindivanam", "state":"Tamil Nadu"},
	{"name":"Tiruchendur", "state":"Tamil Nadu"},
	{"name":"Tiruchengode", "state":"Tamil Nadu"},
	{"name":"Tiruchirappalli", "state":"Tamil Nadu"},
	{"name":"Tirukalukundram", "state":"Tamil Nadu"},
	{"name":"Tirukkoyilur", "state":"Tamil Nadu"},
	{"name":"Tirunelveli", "state":"Tamil Nadu"},
	{"name":"Tirupathur", "state":"Tamil Nadu"},
	{"name":"Tirupathur", "state":"Tamil Nadu"},
	{"name":"Tiruppur", "state":"Tamil Nadu"},
	{"name":"Tiruttani", "state":"Tamil Nadu"},
	{"name":"Tiruvannamalai", "state":"Tamil Nadu"},
	{"name":"Tiruvethipuram", "state":"Tamil Nadu"},
	{"name":"Tittakudi", "state":"Tamil Nadu"},
	{"name":"Udhagamandalam", "state":"Tamil Nadu"},
	{"name":"Udumalaipettai", "state":"Tamil Nadu"},
	{"name":"Unnamalaikadai", "state":"Tamil Nadu"},
	{"name":"Usilampatti", "state":"Tamil Nadu"},
	{"name":"Uthamapalayam", "state":"Tamil Nadu"},
	{"name":"Uthiramerur", "state":"Tamil Nadu"},
	{"name":"Vadakkuvalliyur", "state":"Tamil Nadu"},
	{"name":"Vadalur", "state":"Tamil Nadu"},
	{"name":"Vadipatti", "state":"Tamil Nadu"},
	{"name":"Valparai", "state":"Tamil Nadu"},
	{"name":"Vandavasi", "state":"Tamil Nadu"},
	{"name":"Vaniyambadi", "state":"Tamil Nadu"},
	{"name":"Vedaranyam", "state":"Tamil Nadu"},
	{"name":"Vellakoil", "state":"Tamil Nadu"},
	{"name":"Vellore", "state":"Tamil Nadu"},
	{"name":"Vikramasingapuram", "state":"Tamil Nadu"},
	{"name":"Viluppuram", "state":"Tamil Nadu"},
	{"name":"Virudhachalam", "state":"Tamil Nadu"},
	{"name":"Virudhunagar", "state":"Tamil Nadu"},
	{"name":"Viswanatham", "state":"Tamil Nadu"},
	{"name":"Agartala", "state":"Tripura"},
	{"name":"Badharghat", "state":"Tripura"},
	{"name":"Dharmanagar", "state":"Tripura"},
	{"name":"Indranagar", "state":"Tripura"},
	{"name":"Jogendranagar", "state":"Tripura"},
	{"name":"Kailasahar", "state":"Tripura"},
	{"name":"Khowai", "state":"Tripura"},
	{"name":"Pratapgarh", "state":"Tripura"},
	{"name":"Udaipur", "state":"Tripura"},
	{"name":"Achhnera", "state":"Uttar Pradesh"},
	{"name":"Adari", "state":"Uttar Pradesh"},
	{"name":"Agra", "state":"Uttar Pradesh"},
	{"name":"Aligarh", "state":"Uttar Pradesh"},
	{"name":"Allahabad", "state":"Uttar Pradesh"},
	{"name":"Amroha", "state":"Uttar Pradesh"},
	{"name":"Azamgarh", "state":"Uttar Pradesh"},
	{"name":"Bahraich", "state":"Uttar Pradesh"},
	{"name":"Ballia", "state":"Uttar Pradesh"},
	{"name":"Balrampur", "state":"Uttar Pradesh"},
	{"name":"Banda", "state":"Uttar Pradesh"},
	{"name":"Bareilly", "state":"Uttar Pradesh"},
	{"name":"Chandausi", "state":"Uttar Pradesh"},
	{"name":"Dadri", "state":"Uttar Pradesh"},
	{"name":"Deoria", "state":"Uttar Pradesh"},
	{"name":"Etawah", "state":"Uttar Pradesh"},
	{"name":"Fatehabad", "state":"Uttar Pradesh"},
	{"name":"Fatehpur", "state":"Uttar Pradesh"},
	{"name":"Fatehpur", "state":"Uttar Pradesh"},
	{"name":"Greater Noida", "state":"Uttar Pradesh"},
	{"name":"Hamirpur", "state":"Uttar Pradesh"},
	{"name":"Hardoi", "state":"Uttar Pradesh"},
	{"name":"Jajmau", "state":"Uttar Pradesh"},
	{"name":"Jaunpur", "state":"Uttar Pradesh"},
	{"name":"Jhansi", "state":"Uttar Pradesh"},
	{"name":"Kalpi", "state":"Uttar Pradesh"},
	{"name":"Kanpur", "state":"Uttar Pradesh"},
	{"name":"Kota", "state":"Uttar Pradesh"},
	{"name":"Laharpur", "state":"Uttar Pradesh"},
	{"name":"Lakhimpur", "state":"Uttar Pradesh"},
	{"name":"Lal Gopalganj Nindaura", "state":"Uttar Pradesh"},
	{"name":"Lalganj", "state":"Uttar Pradesh"},
	{"name":"Lalitpur", "state":"Uttar Pradesh"},
	{"name":"Lar", "state":"Uttar Pradesh"},
	{"name":"Loni", "state":"Uttar Pradesh"},
	{"name":"Lucknow", "state":"Uttar Pradesh"},
	{"name":"Mathura", "state":"Uttar Pradesh"},
	{"name":"Meerut", "state":"Uttar Pradesh"},
	{"name":"Modinagar", "state":"Uttar Pradesh"},
	{"name":"Muradnagar", "state":"Uttar Pradesh"},
	{"name":"Nagina", "state":"Uttar Pradesh"},
	{"name":"Najibabad", "state":"Uttar Pradesh"},
	{"name":"Nakur", "state":"Uttar Pradesh"},
	{"name":"Nanpara", "state":"Uttar Pradesh"},
	{"name":"Naraura", "state":"Uttar Pradesh"},
	{"name":"Naugawan Sadat", "state":"Uttar Pradesh"},
	{"name":"Nautanwa", "state":"Uttar Pradesh"},
	{"name":"Nawabganj", "state":"Uttar Pradesh"},
	{"name":"Nehtaur", "state":"Uttar Pradesh"},
	{"name":"NOIDA", "state":"Uttar Pradesh"},
	{"name":"Noorpur", "state":"Uttar Pradesh"},
	{"name":"Obra", "state":"Uttar Pradesh"},
	{"name":"Orai", "state":"Uttar Pradesh"},
	{"name":"Padrauna", "state":"Uttar Pradesh"},
	{"name":"Palia Kalan", "state":"Uttar Pradesh"},
	{"name":"Parasi", "state":"Uttar Pradesh"},
	{"name":"Phulpur", "state":"Uttar Pradesh"},
	{"name":"Pihani", "state":"Uttar Pradesh"},
	{"name":"Pilibhit", "state":"Uttar Pradesh"},
	{"name":"Pilkhuwa", "state":"Uttar Pradesh"},
	{"name":"Powayan", "state":"Uttar Pradesh"},
	{"name":"Pukhrayan", "state":"Uttar Pradesh"},
	{"name":"Puranpur", "state":"Uttar Pradesh"},
	{"name":"Purquazi", "state":"Uttar Pradesh"},
	{"name":"Purwa", "state":"Uttar Pradesh"},
	{"name":"Rae Bareli", "state":"Uttar Pradesh"},
	{"name":"Rampur", "state":"Uttar Pradesh"},
	{"name":"Rampur Maniharan", "state":"Uttar Pradesh"},
	{"name":"Rasra", "state":"Uttar Pradesh"},
	{"name":"Rath", "state":"Uttar Pradesh"},
	{"name":"Renukoot", "state":"Uttar Pradesh"},
	{"name":"Reoti", "state":"Uttar Pradesh"},
	{"name":"Robertsganj", "state":"Uttar Pradesh"},
	{"name":"Rudauli", "state":"Uttar Pradesh"},
	{"name":"Rudrapur", "state":"Uttar Pradesh"},
	{"name":"Sadabad", "state":"Uttar Pradesh"},
	{"name":"Safipur", "state":"Uttar Pradesh"},
	{"name":"Saharanpur", "state":"Uttar Pradesh"},
	{"name":"Sahaspur", "state":"Uttar Pradesh"},
	{"name":"Sahaswan", "state":"Uttar Pradesh"},
	{"name":"Sahawar", "state":"Uttar Pradesh"},
	{"name":"Sahjanwa", "state":"Uttar Pradesh"},
	{"name":"Saidpur", "state":" Ghazipur"},
	{"name":"Sambhal", "state":"Uttar Pradesh"},
	{"name":"Samdhan", "state":"Uttar Pradesh"},
	{"name":"Samthar", "state":"Uttar Pradesh"},
	{"name":"Sandi", "state":"Uttar Pradesh"},
	{"name":"Sandila", "state":"Uttar Pradesh"},
	{"name":"Sardhana", "state":"Uttar Pradesh"},
	{"name":"Seohara", "state":"Uttar Pradesh"},
	{"name":"Shahabad", "state":" Hardoi"},
	{"name":"Shahabad", "state":" Rampur"},
	{"name":"Shahganj", "state":"Uttar Pradesh"},
	{"name":"Shahjahanpur", "state":"Uttar Pradesh"},
	{"name":"Shamli", "state":"Uttar Pradesh"},
	{"name":"Shamsabad", "state":" Agra"},
	{"name":"Shamsabad", "state":" Farrukhabad"},
	{"name":"Sherkot", "state":"Uttar Pradesh"},
	{"name":"Shikarpur", "state":" Bulandshahr"},
	{"name":"Shikohabad", "state":"Uttar Pradesh"},
	{"name":"Shishgarh", "state":"Uttar Pradesh"},
	{"name":"Siana", "state":"Uttar Pradesh"},
	{"name":"Sikanderpur", "state":"Uttar Pradesh"},
	{"name":"Sikandra Rao", "state":"Uttar Pradesh"},
	{"name":"Sikandrabad", "state":"Uttar Pradesh"},
	{"name":"Sirsaganj", "state":"Uttar Pradesh"},
	{"name":"Sirsi", "state":"Uttar Pradesh"},
	{"name":"Sitapur", "state":"Uttar Pradesh"},
	{"name":"Soron", "state":"Uttar Pradesh"},
	{"name":"Suar", "state":"Uttar Pradesh"},
	{"name":"Sultanpur", "state":"Uttar Pradesh"},
	{"name":"Sumerpur", "state":"Uttar Pradesh"},
	{"name":"Tanda", "state":"Uttar Pradesh"},
	{"name":"Tanda", "state":"Uttar Pradesh"},
	{"name":"Tetri Bazar", "state":"Uttar Pradesh"},
	{"name":"Thakurdwara", "state":"Uttar Pradesh"},
	{"name":"Thana Bhawan", "state":"Uttar Pradesh"},
	{"name":"Tilhar", "state":"Uttar Pradesh"},
	{"name":"Tirwaganj", "state":"Uttar Pradesh"},
	{"name":"Tulsipur", "state":"Uttar Pradesh"},
	{"name":"Tundla", "state":"Uttar Pradesh"},
	{"name":"Unnao", "state":"Uttar Pradesh"},
	{"name":"Utraula", "state":"Uttar Pradesh"},
	{"name":"Varanasi", "state":"Uttar Pradesh"},
	{"name":"Vrindavan", "state":"Uttar Pradesh"},
	{"name":"Warhapur", "state":"Uttar Pradesh"},
	{"name":"Zaidpur", "state":"Uttar Pradesh"},
	{"name":"Zamania", "state":"Uttar Pradesh"},
	{"name":"Almora", "state":"Uttarakhand"},
	{"name":"Bazpur", "state":"Uttarakhand"},
	{"name":"Chamba", "state":"Uttarakhand"},
	{"name":"Dehradun", "state":"Uttarakhand"},
	{"name":"Haldwani", "state":"Uttarakhand"},
	{"name":"Haridwar", "state":"Uttarakhand"},
	{"name":"Jaspur", "state":"Uttarakhand"},
	{"name":"Kashipur", "state":"Uttarakhand"},
	{"name":"kichha", "state":"Uttarakhand"},
	{"name":"Kotdwara", "state":"Uttarakhand"},
	{"name":"Manglaur", "state":"Uttarakhand"},
	{"name":"Mussoorie", "state":"Uttarakhand"},
	{"name":"Nagla", "state":"Uttarakhand"},
	{"name":"Nainital", "state":"Uttarakhand"},
	{"name":"Pauri", "state":"Uttarakhand"},
	{"name":"Pithoragarh", "state":"Uttarakhand"},
	{"name":"Ramnagar", "state":"Uttarakhand"},
	{"name":"Rishikesh", "state":"Uttarakhand"},
	{"name":"Roorkee", "state":"Uttarakhand"},
	{"name":"Rudrapur", "state":"Uttarakhand"},
	{"name":"Sitarganj", "state":"Uttarakhand"},
	{"name":"Tehri", "state":"Uttarakhand"},
	{"name":"Muzaffarnagar", "state":"Uttar Pradesh"},
	{"name":"Adra", "state":" Purulia"},
	{"name":"Alipurduar", "state":"West Bengal"},
	{"name":"Arambagh", "state":"West Bengal"},
	{"name":"Asansol", "state":"West Bengal"},
	{"name":"Baharampur", "state":"West Bengal"},
	{"name":"Bally", "state":"West Bengal"},
	{"name":"Balurghat", "state":"West Bengal"},
	{"name":"Bankura", "state":"West Bengal"},
	{"name":"Barakar", "state":"West Bengal"},
	{"name":"Barasat", "state":"West Bengal"},
	{"name":"Bardhaman", "state":"West Bengal"},
	{"name":"Bidhan Nagar", "state":"West Bengal"},
	{"name":"Chinsura", "state":"West Bengal"},
	{"name":"Contai", "state":"West Bengal"},
	{"name":"Cooch Behar", "state":"West Bengal"},
	{"name":"Darjeeling", "state":"West Bengal"},
	{"name":"Durgapur", "state":"West Bengal"},
	{"name":"Haldia", "state":"West Bengal"},
	{"name":"Howrah", "state":"West Bengal"},
	{"name":"Islampur", "state":"West Bengal"},
	{"name":"Jhargram", "state":"West Bengal"},
	{"name":"Kharagpur", "state":"West Bengal"},
	{"name":"Kolkata", "state":"West Bengal"},
	{"name":"Mainaguri", "state":"West Bengal"},
	{"name":"Mal", "state":"West Bengal"},
	{"name":"Mathabhanga", "state":"West Bengal"},
	{"name":"Medinipur", "state":"West Bengal"},
	{"name":"Memari", "state":"West Bengal"},
	{"name":"Monoharpur", "state":"West Bengal"},
	{"name":"Murshidabad", "state":"West Bengal"},
	{"name":"Nabadwip", "state":"West Bengal"},
	{"name":"Naihati", "state":"West Bengal"},
	{"name":"Panchla", "state":"West Bengal"},
	{"name":"Pandua", "state":"West Bengal"},
	{"name":"Paschim Punropara", "state":"West Bengal"},
	{"name":"Purulia", "state":"West Bengal"},
	{"name":"Raghunathpur", "state":"West Bengal"},
	{"name":"Raiganj", "state":"West Bengal"},
	{"name":"Rampurhat", "state":"West Bengal"},
	{"name":"Ranaghat", "state":"West Bengal"},
	{"name":"Sainthia", "state":"West Bengal"},
	{"name":"Santipur", "state":"West Bengal"},
	{"name":"Siliguri", "state":"West Bengal"},
	{"name":"Sonamukhi", "state":"West Bengal"},
	{"name":"Srirampore", "state":"West Bengal"},
	{"name":"Suri", "state":"West Bengal"},
	{"name":"Taki", "state":"West Bengal"},
	{"name":"Tamluk", "state":"West Bengal"},
	{"name":"Tarakeswar", "state":"West Bengal"},
	{"name":"Chikmagalur", "state":"Karnataka"},
	{"name":"Davanagere", "state":"Karnataka"},
	{"name":"Dharwad", "state":"Karnataka"},
	{"name":"Gadag", "state":"Karnataka"},
	{"name":"Chennai", "state":"Tamil Nadu"},
	{"name":"Coimbatore", "state":"Tamil Nadu"}
 ]

}



